"ID","Name","LongName","Parent","McCC","CLOC","PDA","PUA","LLOC","LOC"
"L4839","ResourceManager.java","H:/project/clone class classification/SourceMeter-9.2.0-x64-Windows/Java/Demo/iFL4Eclipse/org.eclipse.sed.ifl.root/bundles/org.eclipse.sed.ifl/src/org/eclipse/wb/swt/ResourceManager.java","L4838","35","0","13","1","232","415"
"L4840","SWTResourceManager.java","H:/project/clone class classification/SourceMeter-9.2.0-x64-Windows/Java/Demo/iFL4Eclipse/org.eclipse.sed.ifl.root/bundles/org.eclipse.sed.ifl/src/org/eclipse/wb/swt/SWTResourceManager.java","L4838","35","0","17","0","229","447"
"L232","Control.java","H:/project/clone class classification/SourceMeter-9.2.0-x64-Windows/Java/Demo/iFL4Eclipse/org.eclipse.sed.ifl.root/bundles/org.eclipse.sed.ifl/src/org/eclipse/sed/ifl/control/Control.java","L231","2","0","0","4","25","38"
"L233","IControl.java","H:/project/clone class classification/SourceMeter-9.2.0-x64-Windows/Java/Demo/iFL4Eclipse/org.eclipse.sed.ifl.root/bundles/org.eclipse.sed.ifl/src/org/eclipse/sed/ifl/control/IControl.java","L231","1","0","0","2","7","10"
"L234","IViewlessControl.java","H:/project/clone class classification/SourceMeter-9.2.0-x64-Windows/Java/Demo/iFL4Eclipse/org.eclipse.sed.ifl.root/bundles/org.eclipse.sed.ifl/src/org/eclipse/sed/ifl/control/IViewlessControl.java","L231","1","0","0","2","6","9"
"L235","ModelNotSetException.java","H:/project/clone class classification/SourceMeter-9.2.0-x64-Windows/Java/Demo/iFL4Eclipse/org.eclipse.sed.ifl.root/bundles/org.eclipse.sed.ifl/src/org/eclipse/sed/ifl/control/ModelNotSetException.java","L231","1","0","0","1","4","6"
"L236","ViewlessControl.java","H:/project/clone class classification/SourceMeter-9.2.0-x64-Windows/Java/Demo/iFL4Eclipse/org.eclipse.sed.ifl.root/bundles/org.eclipse.sed.ifl/src/org/eclipse/sed/ifl/control/ViewlessControl.java","L231","4","0","0","4","38","52"
"L237","ViewNotSetException.java","H:/project/clone class classification/SourceMeter-9.2.0-x64-Windows/Java/Demo/iFL4Eclipse/org.eclipse.sed.ifl.root/bundles/org.eclipse.sed.ifl/src/org/eclipse/sed/ifl/control/ViewNotSetException.java","L231","1","0","0","1","4","6"
"L1745","BasicIflMethodScoreHandler.java","H:/project/clone class classification/SourceMeter-9.2.0-x64-Windows/Java/Demo/iFL4Eclipse/org.eclipse.sed.ifl.root/bundles/org.eclipse.sed.ifl/src/org/eclipse/sed/ifl/core/BasicIflMethodScoreHandler.java","L1744","1","0","0","9","55","72"
"L1787","IDisposable.java","H:/project/clone class classification/SourceMeter-9.2.0-x64-Windows/Java/Demo/iFL4Eclipse/org.eclipse.sed.ifl.root/bundles/org.eclipse.sed.ifl/src/org/eclipse/sed/ifl/general/IDisposable.java","L1786","1","0","0","3","5","7"
"L1788","IEmbeddable.java","H:/project/clone class classification/SourceMeter-9.2.0-x64-Windows/Java/Demo/iFL4Eclipse/org.eclipse.sed.ifl.root/bundles/org.eclipse.sed.ifl/src/org/eclipse/sed/ifl/general/IEmbeddable.java","L1786","1","0","0","2","5","8"
"L1789","IEmbedee.java","H:/project/clone class classification/SourceMeter-9.2.0-x64-Windows/Java/Demo/iFL4Eclipse/org.eclipse.sed.ifl.root/bundles/org.eclipse.sed.ifl/src/org/eclipse/sed/ifl/general/IEmbedee.java","L1786","1","0","0","2","4","6"
"L1800","Activator.java","H:/project/clone class classification/SourceMeter-9.2.0-x64-Windows/Java/Demo/iFL4Eclipse/org.eclipse.sed.ifl.root/bundles/org.eclipse.sed.ifl/src/org/eclipse/sed/ifl/ide/Activator.java","L1799","4","0","2","9","68","97"
"L3311","EmptyModel.java","H:/project/clone class classification/SourceMeter-9.2.0-x64-Windows/Java/Demo/iFL4Eclipse/org.eclipse.sed.ifl.root/bundles/org.eclipse.sed.ifl/src/org/eclipse/sed/ifl/model/EmptyModel.java","L3310","1","0","0","3","9","14"
"L3312","FilterModel.java","H:/project/clone class classification/SourceMeter-9.2.0-x64-Windows/Java/Demo/iFL4Eclipse/org.eclipse.sed.ifl.root/bundles/org.eclipse.sed.ifl/src/org/eclipse/sed/ifl/model/FilterModel.java","L3310","1","0","0","1","3","6"
"L3313","IModel.java","H:/project/clone class classification/SourceMeter-9.2.0-x64-Windows/Java/Demo/iFL4Eclipse/org.eclipse.sed.ifl.root/bundles/org.eclipse.sed.ifl/src/org/eclipse/sed/ifl/model/IModel.java","L3310","1","0","0","1","4","8"
"L3314","MainModel.java","H:/project/clone class classification/SourceMeter-9.2.0-x64-Windows/Java/Demo/iFL4Eclipse/org.eclipse.sed.ifl.root/bundles/org.eclipse.sed.ifl/src/org/eclipse/sed/ifl/model/MainModel.java","L3310","1","0","0","1","3","6"
"L4025","Maps.java","H:/project/clone class classification/SourceMeter-9.2.0-x64-Windows/Java/Demo/iFL4Eclipse/org.eclipse.sed.ifl.root/bundles/org.eclipse.sed.ifl/src/org/eclipse/sed/ifl/util/Maps.java","L4024","2","0","0","13","69","94"
"L4472","ContextBasedOptionCreatorView.java","H:/project/clone class classification/SourceMeter-9.2.0-x64-Windows/Java/Demo/iFL4Eclipse/org.eclipse.sed.ifl.root/bundles/org.eclipse.sed.ifl/src/org/eclipse/sed/ifl/view/ContextBasedOptionCreatorView.java","L4471","1","0","0","8","43","60"
"L4473","FilterView.java","H:/project/clone class classification/SourceMeter-9.2.0-x64-Windows/Java/Demo/iFL4Eclipse/org.eclipse.sed.ifl.root/bundles/org.eclipse.sed.ifl/src/org/eclipse/sed/ifl/view/FilterView.java","L4471","9","0","0","19","167","217"
"L4474","IView.java","H:/project/clone class classification/SourceMeter-9.2.0-x64-Windows/Java/Demo/iFL4Eclipse/org.eclipse.sed.ifl.root/bundles/org.eclipse.sed.ifl/src/org/eclipse/sed/ifl/view/IView.java","L4471","1","0","0","1","4","7"
"L4475","ScoreHistoryView.java","H:/project/clone class classification/SourceMeter-9.2.0-x64-Windows/Java/Demo/iFL4Eclipse/org.eclipse.sed.ifl.root/bundles/org.eclipse.sed.ifl/src/org/eclipse/sed/ifl/view/ScoreHistoryView.java","L4471","1","0","0","7","31","41"
"L4476","ScoreListView.java","H:/project/clone class classification/SourceMeter-9.2.0-x64-Windows/Java/Demo/iFL4Eclipse/org.eclipse.sed.ifl.root/bundles/org.eclipse.sed.ifl/src/org/eclipse/sed/ifl/view/ScoreListView.java","L4471","1","0","0","19","114","167"
"L4477","ScoreLoaderView.java","H:/project/clone class classification/SourceMeter-9.2.0-x64-Windows/Java/Demo/iFL4Eclipse/org.eclipse.sed.ifl.root/bundles/org.eclipse.sed.ifl/src/org/eclipse/sed/ifl/view/ScoreLoaderView.java","L4471","2","0","0","4","23","32"
"L4478","ScoreRecalculatorView.java","H:/project/clone class classification/SourceMeter-9.2.0-x64-Windows/Java/Demo/iFL4Eclipse/org.eclipse.sed.ifl.root/bundles/org.eclipse.sed.ifl/src/org/eclipse/sed/ifl/view/ScoreRecalculatorView.java","L4471","1","0","0","4","17","27"
"L4479","ScoreSetterView.java","H:/project/clone class classification/SourceMeter-9.2.0-x64-Windows/Java/Demo/iFL4Eclipse/org.eclipse.sed.ifl.root/bundles/org.eclipse.sed.ifl/src/org/eclipse/sed/ifl/view/ScoreSetterView.java","L4471","1","0","0","15","79","111"
"L4480","SessionView.java","H:/project/clone class classification/SourceMeter-9.2.0-x64-Windows/Java/Demo/iFL4Eclipse/org.eclipse.sed.ifl.root/bundles/org.eclipse.sed.ifl/src/org/eclipse/sed/ifl/view/SessionView.java","L4471","2","0","0","11","98","124"
"L4481","UnableToDisplayDataPointsException.java","H:/project/clone class classification/SourceMeter-9.2.0-x64-Windows/Java/Demo/iFL4Eclipse/org.eclipse.sed.ifl.root/bundles/org.eclipse.sed.ifl/src/org/eclipse/sed/ifl/view/UnableToDisplayDataPointsException.java","L4471","1","0","0","1","4","8"
"L4482","View.java","H:/project/clone class classification/SourceMeter-9.2.0-x64-Windows/Java/Demo/iFL4Eclipse/org.eclipse.sed.ifl.root/bundles/org.eclipse.sed.ifl/src/org/eclipse/sed/ifl/view/View.java","L4471","1","0","0","3","9","13"
"L4770","SampleView.java","H:/project/clone class classification/SourceMeter-9.2.0-x64-Windows/Java/Demo/iFL4Eclipse/org.eclipse.sed.ifl.root/bundles/org.eclipse.sed.ifl/src/org/eclipse/sed/ifl/views/SampleView.java","L4769","1","0","1","2","136","182"
"L127","MethodScoreHandler.java","H:/project/clone class classification/SourceMeter-9.2.0-x64-Windows/Java/Demo/iFL4Eclipse/org.eclipse.sed.ifl.root/bundles/org.eclipse.sed.ifl/src/org/eclipse/sed/ifl/bi/faced/MethodScoreHandler.java","L126","1","0","0","14","43","62"
"L291","ContextBasedOptionCreatorControl.java","H:/project/clone class classification/SourceMeter-9.2.0-x64-Windows/Java/Demo/iFL4Eclipse/org.eclipse.sed.ifl.root/bundles/org.eclipse.sed.ifl/src/org/eclipse/sed/ifl/control/feedback/ContextBasedOptionCreatorControl.java","L290","1","0","0","8","134","171"
"L292","ScoreSetterControl.java","H:/project/clone class classification/SourceMeter-9.2.0-x64-Windows/Java/Demo/iFL4Eclipse/org.eclipse.sed.ifl.root/bundles/org.eclipse.sed.ifl/src/org/eclipse/sed/ifl/control/feedback/ScoreSetterControl.java","L290","1","0","0","12","69","103"
"L603","ActivityMonitorControl.java","H:/project/clone class classification/SourceMeter-9.2.0-x64-Windows/Java/Demo/iFL4Eclipse/org.eclipse.sed.ifl.root/bundles/org.eclipse.sed.ifl/src/org/eclipse/sed/ifl/control/monitor/ActivityMonitorControl.java","L602","24","0","0","4","144","166"
"L604","LogOnlyModeControl.java","H:/project/clone class classification/SourceMeter-9.2.0-x64-Windows/Java/Demo/iFL4Eclipse/org.eclipse.sed.ifl.root/bundles/org.eclipse.sed.ifl/src/org/eclipse/sed/ifl/control/monitor/LogOnlyModeControl.java","L602","1","0","0","5","34","48"
"L605","PartMonitorControl.java","H:/project/clone class classification/SourceMeter-9.2.0-x64-Windows/Java/Demo/iFL4Eclipse/org.eclipse.sed.ifl.root/bundles/org.eclipse.sed.ifl/src/org/eclipse/sed/ifl/control/monitor/PartMonitorControl.java","L602","1","0","0","5","63","102"
"L606","PartState.java","H:/project/clone class classification/SourceMeter-9.2.0-x64-Windows/Java/Demo/iFL4Eclipse/org.eclipse.sed.ifl.root/bundles/org.eclipse.sed.ifl/src/org/eclipse/sed/ifl/control/monitor/PartState.java","L602","1","0","0","1","10","12"
"L852","Score.java","H:/project/clone class classification/SourceMeter-9.2.0-x64-Windows/Java/Demo/iFL4Eclipse/org.eclipse.sed.ifl.root/bundles/org.eclipse.sed.ifl/src/org/eclipse/sed/ifl/control/score/Score.java","L851","2","0","0","6","25","35"
"L853","ScoreHistoryControl.java","H:/project/clone class classification/SourceMeter-9.2.0-x64-Windows/Java/Demo/iFL4Eclipse/org.eclipse.sed.ifl.root/bundles/org.eclipse.sed.ifl/src/org/eclipse/sed/ifl/control/score/ScoreHistoryControl.java","L851","3","0","0","5","31","39"
"L854","ScoreListControl.java","H:/project/clone class classification/SourceMeter-9.2.0-x64-Windows/Java/Demo/iFL4Eclipse/org.eclipse.sed.ifl.root/bundles/org.eclipse.sed.ifl/src/org/eclipse/sed/ifl/control/score/ScoreListControl.java","L851","14","0","0","7","277","446"
"L855","ScoreLoaderControl.java","H:/project/clone class classification/SourceMeter-9.2.0-x64-Windows/Java/Demo/iFL4Eclipse/org.eclipse.sed.ifl.root/bundles/org.eclipse.sed.ifl/src/org/eclipse/sed/ifl/control/score/ScoreLoaderControl.java","L851","11","0","0","11","128","147"
"L856","ScoreRecalculatorControl.java","H:/project/clone class classification/SourceMeter-9.2.0-x64-Windows/Java/Demo/iFL4Eclipse/org.eclipse.sed.ifl.root/bundles/org.eclipse.sed.ifl/src/org/eclipse/sed/ifl/control/score/ScoreRecalculatorControl.java","L851","1","0","0","5","19","31"
"L857","SortingArg.java","H:/project/clone class classification/SourceMeter-9.2.0-x64-Windows/Java/Demo/iFL4Eclipse/org.eclipse.sed.ifl.root/bundles/org.eclipse.sed.ifl/src/org/eclipse/sed/ifl/control/score/SortingArg.java","L851","1","0","0","3","11","16"
"L1552","SessionAlreadyActiveException.java","H:/project/clone class classification/SourceMeter-9.2.0-x64-Windows/Java/Demo/iFL4Eclipse/org.eclipse.sed.ifl.root/bundles/org.eclipse.sed.ifl/src/org/eclipse/sed/ifl/control/session/SessionAlreadyActiveException.java","L1551","1","0","0","1","4","8"
"L1553","SessionControl.java","H:/project/clone class classification/SourceMeter-9.2.0-x64-Windows/Java/Demo/iFL4Eclipse/org.eclipse.sed.ifl.root/bundles/org.eclipse.sed.ifl/src/org/eclipse/sed/ifl/control/session/SessionControl.java","L1551","4","0","0","5","169","223"
"L1962","FilterPart.java","H:/project/clone class classification/SourceMeter-9.2.0-x64-Windows/Java/Demo/iFL4Eclipse/org.eclipse.sed.ifl.root/bundles/org.eclipse.sed.ifl/src/org/eclipse/sed/ifl/ide/gui/FilterPart.java","L1961","20","0","0","20","566","714"
"L1963","MainPart.java","H:/project/clone class classification/SourceMeter-9.2.0-x64-Windows/Java/Demo/iFL4Eclipse/org.eclipse.sed.ifl.root/bundles/org.eclipse.sed.ifl/src/org/eclipse/sed/ifl/ide/gui/MainPart.java","L1961","2","0","0","9","172","212"
"L1964","MonumentUI.java","H:/project/clone class classification/SourceMeter-9.2.0-x64-Windows/Java/Demo/iFL4Eclipse/org.eclipse.sed.ifl.root/bundles/org.eclipse.sed.ifl/src/org/eclipse/sed/ifl/ide/gui/MonumentUI.java","L1961","1","0","0","2","25","33"
"L1965","ScoreHistoryUI.java","H:/project/clone class classification/SourceMeter-9.2.0-x64-Windows/Java/Demo/iFL4Eclipse/org.eclipse.sed.ifl.root/bundles/org.eclipse.sed.ifl/src/org/eclipse/sed/ifl/ide/gui/ScoreHistoryUI.java","L1961","2","0","0","5","41","52"
"L1966","ScoreListUI.java","H:/project/clone class classification/SourceMeter-9.2.0-x64-Windows/Java/Demo/iFL4Eclipse/org.eclipse.sed.ifl.root/bundles/org.eclipse.sed.ifl/src/org/eclipse/sed/ifl/ide/gui/ScoreListUI.java","L1961","52","0","1","17","465","639"
"L3156","startHandler.java","H:/project/clone class classification/SourceMeter-9.2.0-x64-Windows/Java/Demo/iFL4Eclipse/org.eclipse.sed.ifl.root/bundles/org.eclipse.sed.ifl/src/org/eclipse/sed/ifl/ide/handlers/startHandler.java","L3155","9","0","0","3","84","104"
"L3199","IFLPreferencePage.java","H:/project/clone class classification/SourceMeter-9.2.0-x64-Windows/Java/Demo/iFL4Eclipse/org.eclipse.sed.ifl.root/bundles/org.eclipse.sed.ifl/src/org/eclipse/sed/ifl/ide/preferences/IFLPreferencePage.java","L3198","8","0","3","3","205","284"
"L3200","PreferenceConstants.java","H:/project/clone class classification/SourceMeter-9.2.0-x64-Windows/Java/Demo/iFL4Eclipse/org.eclipse.sed.ifl.root/bundles/org.eclipse.sed.ifl/src/org/eclipse/sed/ifl/ide/preferences/PreferenceConstants.java","L3198","1","0","1","0","7","17"
"L3201","PreferenceInitializer.java","H:/project/clone class classification/SourceMeter-9.2.0-x64-Windows/Java/Demo/iFL4Eclipse/org.eclipse.sed.ifl.root/bundles/org.eclipse.sed.ifl/src/org/eclipse/sed/ifl/ide/preferences/PreferenceInitializer.java","L3198","1","0","2","1","20","36"
"L3326","ActivityMonitorModel.java","H:/project/clone class classification/SourceMeter-9.2.0-x64-Windows/Java/Demo/iFL4Eclipse/org.eclipse.sed.ifl.root/bundles/org.eclipse.sed.ifl/src/org/eclipse/sed/ifl/model/monitor/ActivityMonitorModel.java","L3325","10","0","0","19","132","163"
"L3327","IdNode.java","H:/project/clone class classification/SourceMeter-9.2.0-x64-Windows/Java/Demo/iFL4Eclipse/org.eclipse.sed.ifl.root/bundles/org.eclipse.sed.ifl/src/org/eclipse/sed/ifl/model/monitor/IdNode.java","L3325","1","0","0","3","21","32"
"L3328","IncorrectGraphState.java","H:/project/clone class classification/SourceMeter-9.2.0-x64-Windows/Java/Demo/iFL4Eclipse/org.eclipse.sed.ifl.root/bundles/org.eclipse.sed.ifl/src/org/eclipse/sed/ifl/model/monitor/IncorrectGraphState.java","L3325","1","0","0","1","4","11"
"L3329","LogOnlyModeModel.java","H:/project/clone class classification/SourceMeter-9.2.0-x64-Windows/Java/Demo/iFL4Eclipse/org.eclipse.sed.ifl.root/bundles/org.eclipse.sed.ifl/src/org/eclipse/sed/ifl/model/monitor/LogOnlyModeModel.java","L3325","1","0","0","1","4","8"
"L3330","Node.java","H:/project/clone class classification/SourceMeter-9.2.0-x64-Windows/Java/Demo/iFL4Eclipse/org.eclipse.sed.ifl.root/bundles/org.eclipse.sed.ifl/src/org/eclipse/sed/ifl/model/monitor/Node.java","L3325","3","0","0","6","41","53"
"L3331","PartMonitorModel.java","H:/project/clone class classification/SourceMeter-9.2.0-x64-Windows/Java/Demo/iFL4Eclipse/org.eclipse.sed.ifl.root/bundles/org.eclipse.sed.ifl/src/org/eclipse/sed/ifl/model/monitor/PartMonitorModel.java","L3325","1","0","0","1","4","8"
"L3653","ScoreListModel.java","H:/project/clone class classification/SourceMeter-9.2.0-x64-Windows/Java/Demo/iFL4Eclipse/org.eclipse.sed.ifl.root/bundles/org.eclipse.sed.ifl/src/org/eclipse/sed/ifl/model/score/ScoreListModel.java","L3652","6","0","1","11","82","104"
"L3749","SessionModel.java","H:/project/clone class classification/SourceMeter-9.2.0-x64-Windows/Java/Demo/iFL4Eclipse/org.eclipse.sed.ifl.root/bundles/org.eclipse.sed.ifl/src/org/eclipse/sed/ifl/model/session/SessionModel.java","L3748","1","0","0","1","4","8"
"L3752","CodeChunkLocation.java","H:/project/clone class classification/SourceMeter-9.2.0-x64-Windows/Java/Demo/iFL4Eclipse/org.eclipse.sed.ifl.root/bundles/org.eclipse.sed.ifl/src/org/eclipse/sed/ifl/model/source/CodeChunkLocation.java","L3751","1","0","0","6","28","39"
"L3753","ICodeChunkLocation.java","H:/project/clone class classification/SourceMeter-9.2.0-x64-Windows/Java/Demo/iFL4Eclipse/org.eclipse.sed.ifl.root/bundles/org.eclipse.sed.ifl/src/org/eclipse/sed/ifl/model/source/ICodeChunkLocation.java","L3751","1","0","0","4","6","10"
"L3754","IMethodDescription.java","H:/project/clone class classification/SourceMeter-9.2.0-x64-Windows/Java/Demo/iFL4Eclipse/org.eclipse.sed.ifl.root/bundles/org.eclipse.sed.ifl/src/org/eclipse/sed/ifl/model/source/IMethodDescription.java","L3751","1","0","0","9","12","22"
"L3755","Method.java","H:/project/clone class classification/SourceMeter-9.2.0-x64-Windows/Java/Demo/iFL4Eclipse/org.eclipse.sed.ifl.root/bundles/org.eclipse.sed.ifl/src/org/eclipse/sed/ifl/model/source/Method.java","L3751","8","0","0","17","89","110"
"L3756","MethodIdentity.java","H:/project/clone class classification/SourceMeter-9.2.0-x64-Windows/Java/Demo/iFL4Eclipse/org.eclipse.sed.ifl.root/bundles/org.eclipse.sed.ifl/src/org/eclipse/sed/ifl/model/source/MethodIdentity.java","L3751","20","0","0","11","79","91"
"L3757","Position.java","H:/project/clone class classification/SourceMeter-9.2.0-x64-Windows/Java/Demo/iFL4Eclipse/org.eclipse.sed.ifl.root/bundles/org.eclipse.sed.ifl/src/org/eclipse/sed/ifl/model/source/Position.java","L3751","1","0","0","3","11","15"
"L4028","IListener.java","H:/project/clone class classification/SourceMeter-9.2.0-x64-Windows/Java/Demo/iFL4Eclipse/org.eclipse.sed.ifl.root/bundles/org.eclipse.sed.ifl/src/org/eclipse/sed/ifl/util/event/IListener.java","L4027","1","0","0","2","5","7"
"L4029","IListenerCollection.java","H:/project/clone class classification/SourceMeter-9.2.0-x64-Windows/Java/Demo/iFL4Eclipse/org.eclipse.sed.ifl.root/bundles/org.eclipse.sed.ifl/src/org/eclipse/sed/ifl/util/event/IListenerCollection.java","L4027","1","0","0","3","5","8"
"L4030","IListenerInvoker.java","H:/project/clone class classification/SourceMeter-9.2.0-x64-Windows/Java/Demo/iFL4Eclipse/org.eclipse.sed.ifl.root/bundles/org.eclipse.sed.ifl/src/org/eclipse/sed/ifl/util/event/IListenerInvoker.java","L4027","1","0","1","1","4","11"
"L4031","INonGenericListenerCollection.java","H:/project/clone class classification/SourceMeter-9.2.0-x64-Windows/Java/Demo/iFL4Eclipse/org.eclipse.sed.ifl.root/bundles/org.eclipse.sed.ifl/src/org/eclipse/sed/ifl/util/event/INonGenericListenerCollection.java","L4027","1","0","0","1","3","6"
"L4122","EU.java","H:/project/clone class classification/SourceMeter-9.2.0-x64-Windows/Java/Demo/iFL4Eclipse/org.eclipse.sed.ifl.root/bundles/org.eclipse.sed.ifl/src/org/eclipse/sed/ifl/util/exception/EU.java","L4121","1","0","0","1","3","6"
"L4123","ExceptionUtil.java","H:/project/clone class classification/SourceMeter-9.2.0-x64-Windows/Java/Demo/iFL4Eclipse/org.eclipse.sed.ifl.root/bundles/org.eclipse.sed.ifl/src/org/eclipse/sed/ifl/util/exception/ExceptionUtil.java","L4121","4","0","0","10","36","43"
"L4202","IMethodDescriptionCollectionUtil.java","H:/project/clone class classification/SourceMeter-9.2.0-x64-Windows/Java/Demo/iFL4Eclipse/org.eclipse.sed.ifl.root/bundles/org.eclipse.sed.ifl/src/org/eclipse/sed/ifl/util/items/IMethodDescriptionCollectionUtil.java","L4201","3","0","0","6","60","104"
"L4369","NanoWatch.java","H:/project/clone class classification/SourceMeter-9.2.0-x64-Windows/Java/Demo/iFL4Eclipse/org.eclipse.sed.ifl.root/bundles/org.eclipse.sed.ifl/src/org/eclipse/sed/ifl/util/profile/NanoWatch.java","L4368","1","0","2","3","21","35"
"L4386","Setter.java","H:/project/clone class classification/SourceMeter-9.2.0-x64-Windows/Java/Demo/iFL4Eclipse/org.eclipse.sed.ifl.root/bundles/org.eclipse.sed.ifl/src/org/eclipse/sed/ifl/util/ui/Setter.java","L4385","3","0","0","2","13","16"
"L4393","Defineable.java","H:/project/clone class classification/SourceMeter-9.2.0-x64-Windows/Java/Demo/iFL4Eclipse/org.eclipse.sed.ifl.root/bundles/org.eclipse.sed.ifl/src/org/eclipse/sed/ifl/util/wrapper/Defineable.java","L4392","7","0","0","8","51","62"
"L4394","FilterParams.java","H:/project/clone class classification/SourceMeter-9.2.0-x64-Windows/Java/Demo/iFL4Eclipse/org.eclipse.sed.ifl.root/bundles/org.eclipse.sed.ifl/src/org/eclipse/sed/ifl/util/wrapper/FilterParams.java","L4392","1","0","0","9","32","44"
"L4395","Projection.java","H:/project/clone class classification/SourceMeter-9.2.0-x64-Windows/Java/Demo/iFL4Eclipse/org.eclipse.sed.ifl.root/bundles/org.eclipse.sed.ifl/src/org/eclipse/sed/ifl/util/wrapper/Projection.java","L4392","1","0","0","5","17","24"
"L4396","Relativeable.java","H:/project/clone class classification/SourceMeter-9.2.0-x64-Windows/Java/Demo/iFL4Eclipse/org.eclipse.sed.ifl.root/bundles/org.eclipse.sed.ifl/src/org/eclipse/sed/ifl/util/wrapper/Relativeable.java","L4392","1","0","0","5","20","27"
"L130","IMavenExecutor.java","H:/project/clone class classification/SourceMeter-9.2.0-x64-Windows/Java/Demo/iFL4Eclipse/org.eclipse.sed.ifl.root/bundles/org.eclipse.sed.ifl/src/org/eclipse/sed/ifl/bi/faced/execution/IMavenExecutor.java","L129","1","0","0","1","3","6"
"L860","ContextSizeFilter.java","H:/project/clone class classification/SourceMeter-9.2.0-x64-Windows/Java/Demo/iFL4Eclipse/org.eclipse.sed.ifl.root/bundles/org.eclipse.sed.ifl/src/org/eclipse/sed/ifl/control/score/filter/ContextSizeFilter.java","L859","6","0","0","4","39","50"
"L861","FilterControl.java","H:/project/clone class classification/SourceMeter-9.2.0-x64-Windows/Java/Demo/iFL4Eclipse/org.eclipse.sed.ifl.root/bundles/org.eclipse.sed.ifl/src/org/eclipse/sed/ifl/control/score/filter/FilterControl.java","L859","1","0","0","16","90","129"
"L862","HideUndefinedFilter.java","H:/project/clone class classification/SourceMeter-9.2.0-x64-Windows/Java/Demo/iFL4Eclipse/org.eclipse.sed.ifl.root/bundles/org.eclipse.sed.ifl/src/org/eclipse/sed/ifl/control/score/filter/HideUndefinedFilter.java","L859","1","0","0","3","13","20"
"L863","LessOrEqualFilter.java","H:/project/clone class classification/SourceMeter-9.2.0-x64-Windows/Java/Demo/iFL4Eclipse/org.eclipse.sed.ifl.root/bundles/org.eclipse.sed.ifl/src/org/eclipse/sed/ifl/control/score/filter/LessOrEqualFilter.java","L859","5","0","0","4","30","43"
"L864","NameFilter.java","H:/project/clone class classification/SourceMeter-9.2.0-x64-Windows/Java/Demo/iFL4Eclipse/org.eclipse.sed.ifl.root/bundles/org.eclipse.sed.ifl/src/org/eclipse/sed/ifl/control/score/filter/NameFilter.java","L859","2","0","0","3","20","29"
"L865","ScoreFilter.java","H:/project/clone class classification/SourceMeter-9.2.0-x64-Windows/Java/Demo/iFL4Eclipse/org.eclipse.sed.ifl.root/bundles/org.eclipse.sed.ifl/src/org/eclipse/sed/ifl/control/score/filter/ScoreFilter.java","L859","2","0","0","6","29","39"
"L1805","FeatureAccessor.java","H:/project/clone class classification/SourceMeter-9.2.0-x64-Windows/Java/Demo/iFL4Eclipse/org.eclipse.sed.ifl.root/bundles/org.eclipse.sed.ifl/src/org/eclipse/sed/ifl/ide/accessor/gui/FeatureAccessor.java","L1804","2","0","0","2","13","17"
"L1806","PartAccessor.java","H:/project/clone class classification/SourceMeter-9.2.0-x64-Windows/Java/Demo/iFL4Eclipse/org.eclipse.sed.ifl.root/bundles/org.eclipse.sed.ifl/src/org/eclipse/sed/ifl/ide/accessor/gui/PartAccessor.java","L1804","7","0","0","5","47","57"
"L1824","CodeEntityAccessor.java","H:/project/clone class classification/SourceMeter-9.2.0-x64-Windows/Java/Demo/iFL4Eclipse/org.eclipse.sed.ifl.root/bundles/org.eclipse.sed.ifl/src/org/eclipse/sed/ifl/ide/accessor/source/CodeEntityAccessor.java","L1823","8","0","0","13","152","183"
"L1825","EditorAccessor.java","H:/project/clone class classification/SourceMeter-9.2.0-x64-Windows/Java/Demo/iFL4Eclipse/org.eclipse.sed.ifl.root/bundles/org.eclipse.sed.ifl/src/org/eclipse/sed/ifl/ide/accessor/source/EditorAccessor.java","L1823","5","0","0","2","28","36"
"L1826","WrongSelectionException.java","H:/project/clone class classification/SourceMeter-9.2.0-x64-Windows/Java/Demo/iFL4Eclipse/org.eclipse.sed.ifl.root/bundles/org.eclipse.sed.ifl/src/org/eclipse/sed/ifl/ide/accessor/source/WrongSelectionException.java","L1823","1","0","0","2","7","11"
"L1969","ContextBasedOptionCreatorDialog.java","H:/project/clone class classification/SourceMeter-9.2.0-x64-Windows/Java/Demo/iFL4Eclipse/org.eclipse.sed.ifl.root/bundles/org.eclipse.sed.ifl/src/org/eclipse/sed/ifl/ide/gui/dialogs/ContextBasedOptionCreatorDialog.java","L1968","2","0","0","6","90","119"
"L1970","CustomInputDialog.java","H:/project/clone class classification/SourceMeter-9.2.0-x64-Windows/Java/Demo/iFL4Eclipse/org.eclipse.sed.ifl.root/bundles/org.eclipse.sed.ifl/src/org/eclipse/sed/ifl/ide/gui/dialogs/CustomInputDialog.java","L1968","5","0","0","2","118","152"
"L1971","CustomWarningDialog.java","H:/project/clone class classification/SourceMeter-9.2.0-x64-Windows/Java/Demo/iFL4Eclipse/org.eclipse.sed.ifl.root/bundles/org.eclipse.sed.ifl/src/org/eclipse/sed/ifl/ide/gui/dialogs/CustomWarningDialog.java","L1968","1","0","0","2","49","59"
"L2081","CardHolderComposite.java","H:/project/clone class classification/SourceMeter-9.2.0-x64-Windows/Java/Demo/iFL4Eclipse/org.eclipse.sed.ifl.root/bundles/org.eclipse.sed.ifl/src/org/eclipse/sed/ifl/ide/gui/element/CardHolderComposite.java","L2080","9","0","1","7","169","211"
"L2082","CodeElementUI.java","H:/project/clone class classification/SourceMeter-9.2.0-x64-Windows/Java/Demo/iFL4Eclipse/org.eclipse.sed.ifl.root/bundles/org.eclipse.sed.ifl/src/org/eclipse/sed/ifl/ide/gui/element/CodeElementUI.java","L2080","10","0","1","23","259","329"
"L2083","ScoreSetter.java","H:/project/clone class classification/SourceMeter-9.2.0-x64-Windows/Java/Demo/iFL4Eclipse/org.eclipse.sed.ifl.root/bundles/org.eclipse.sed.ifl/src/org/eclipse/sed/ifl/ide/gui/element/ScoreSetter.java","L2080","33","0","2","17","415","561"
"L2084","SelectedElementUI.java","H:/project/clone class classification/SourceMeter-9.2.0-x64-Windows/Java/Demo/iFL4Eclipse/org.eclipse.sed.ifl.root/bundles/org.eclipse.sed.ifl/src/org/eclipse/sed/ifl/ide/gui/element/SelectedElementUI.java","L2080","6","0","1","8","165","225"
"L2801","IconSet.java","H:/project/clone class classification/SourceMeter-9.2.0-x64-Windows/Java/Demo/iFL4Eclipse/org.eclipse.sed.ifl.root/bundles/org.eclipse.sed.ifl/src/org/eclipse/sed/ifl/ide/gui/icon/IconSet.java","L2800","1","0","0","2","4","7"
"L2802","OptionKind.java","H:/project/clone class classification/SourceMeter-9.2.0-x64-Windows/Java/Demo/iFL4Eclipse/org.eclipse.sed.ifl.root/bundles/org.eclipse.sed.ifl/src/org/eclipse/sed/ifl/ide/gui/icon/OptionKind.java","L2800","1","0","0","2","18","23"
"L2803","ScoreStatus.java","H:/project/clone class classification/SourceMeter-9.2.0-x64-Windows/Java/Demo/iFL4Eclipse/org.eclipse.sed.ifl.root/bundles/org.eclipse.sed.ifl/src/org/eclipse/sed/ifl/ide/gui/icon/ScoreStatus.java","L2800","1","0","0","2","12","16"
"L3382","AbortEvent.java","H:/project/clone class classification/SourceMeter-9.2.0-x64-Windows/Java/Demo/iFL4Eclipse/org.eclipse.sed.ifl.root/bundles/org.eclipse.sed.ifl/src/org/eclipse/sed/ifl/model/monitor/event/AbortEvent.java","L3381","1","0","0","2","7","12"
"L3383","ConfirmEvent.java","H:/project/clone class classification/SourceMeter-9.2.0-x64-Windows/Java/Demo/iFL4Eclipse/org.eclipse.sed.ifl.root/bundles/org.eclipse.sed.ifl/src/org/eclipse/sed/ifl/model/monitor/event/ConfirmEvent.java","L3381","1","0","0","2","7","12"
"L3384","EclipseEvent.java","H:/project/clone class classification/SourceMeter-9.2.0-x64-Windows/Java/Demo/iFL4Eclipse/org.eclipse.sed.ifl.root/bundles/org.eclipse.sed.ifl/src/org/eclipse/sed/ifl/model/monitor/event/EclipseEvent.java","L3381","1","0","0","4","13","20"
"L3385","Event.java","H:/project/clone class classification/SourceMeter-9.2.0-x64-Windows/Java/Demo/iFL4Eclipse/org.eclipse.sed.ifl.root/bundles/org.eclipse.sed.ifl/src/org/eclipse/sed/ifl/model/monitor/event/Event.java","L3381","3","0","0","5","49","75"
"L3386","ModeEvent.java","H:/project/clone class classification/SourceMeter-9.2.0-x64-Windows/Java/Demo/iFL4Eclipse/org.eclipse.sed.ifl.root/bundles/org.eclipse.sed.ifl/src/org/eclipse/sed/ifl/model/monitor/event/ModeEvent.java","L3381","1","0","0","3","13","19"
"L3387","NavigationEvent.java","H:/project/clone class classification/SourceMeter-9.2.0-x64-Windows/Java/Demo/iFL4Eclipse/org.eclipse.sed.ifl.root/bundles/org.eclipse.sed.ifl/src/org/eclipse/sed/ifl/model/monitor/event/NavigationEvent.java","L3381","1","0","0","2","14","19"
"L3388","PartEvent.java","H:/project/clone class classification/SourceMeter-9.2.0-x64-Windows/Java/Demo/iFL4Eclipse/org.eclipse.sed.ifl.root/bundles/org.eclipse.sed.ifl/src/org/eclipse/sed/ifl/model/monitor/event/PartEvent.java","L3381","3","0","0","2","35","44"
"L3389","PreferencePropertyChangedEvent.java","H:/project/clone class classification/SourceMeter-9.2.0-x64-Windows/Java/Demo/iFL4Eclipse/org.eclipse.sed.ifl.root/bundles/org.eclipse.sed.ifl/src/org/eclipse/sed/ifl/model/monitor/event/PreferencePropertyChangedEvent.java","L3381","1","0","0","2","11","15"
"L3390","ScoreModifiedEvent.java","H:/project/clone class classification/SourceMeter-9.2.0-x64-Windows/Java/Demo/iFL4Eclipse/org.eclipse.sed.ifl.root/bundles/org.eclipse.sed.ifl/src/org/eclipse/sed/ifl/model/monitor/event/ScoreModifiedEvent.java","L3381","7","0","0","2","28","37"
"L3391","SelectionChangedEvent.java","H:/project/clone class classification/SourceMeter-9.2.0-x64-Windows/Java/Demo/iFL4Eclipse/org.eclipse.sed.ifl.root/bundles/org.eclipse.sed.ifl/src/org/eclipse/sed/ifl/model/monitor/event/SelectionChangedEvent.java","L3381","2","0","0","2","13","19"
"L3392","SessionEvent.java","H:/project/clone class classification/SourceMeter-9.2.0-x64-Windows/Java/Demo/iFL4Eclipse/org.eclipse.sed.ifl.root/bundles/org.eclipse.sed.ifl/src/org/eclipse/sed/ifl/model/monitor/event/SessionEvent.java","L3381","1","0","0","3","16","23"
"L3393","UserFeedbackEvent.java","H:/project/clone class classification/SourceMeter-9.2.0-x64-Windows/Java/Demo/iFL4Eclipse/org.eclipse.sed.ifl.root/bundles/org.eclipse.sed.ifl/src/org/eclipse/sed/ifl/model/monitor/event/UserFeedbackEvent.java","L3381","2","0","0","2","17","23"
"L3609","CodeElement.java","H:/project/clone class classification/SourceMeter-9.2.0-x64-Windows/Java/Demo/iFL4Eclipse/org.eclipse.sed.ifl.root/bundles/org.eclipse.sed.ifl/src/org/eclipse/sed/ifl/model/monitor/resource/CodeElement.java","L3608","1","0","0","2","7","12"
"L3610","File.java","H:/project/clone class classification/SourceMeter-9.2.0-x64-Windows/Java/Demo/iFL4Eclipse/org.eclipse.sed.ifl.root/bundles/org.eclipse.sed.ifl/src/org/eclipse/sed/ifl/model/monitor/resource/File.java","L3608","1","0","0","2","7","12"
"L3611","LineInfo.java","H:/project/clone class classification/SourceMeter-9.2.0-x64-Windows/Java/Demo/iFL4Eclipse/org.eclipse.sed.ifl.root/bundles/org.eclipse.sed.ifl/src/org/eclipse/sed/ifl/model/monitor/resource/LineInfo.java","L3608","1","0","0","2","12","16"
"L3612","Option.java","H:/project/clone class classification/SourceMeter-9.2.0-x64-Windows/Java/Demo/iFL4Eclipse/org.eclipse.sed.ifl.root/bundles/org.eclipse.sed.ifl/src/org/eclipse/sed/ifl/model/monitor/resource/Option.java","L3608","1","0","0","2","7","12"
"L3613","Part.java","H:/project/clone class classification/SourceMeter-9.2.0-x64-Windows/Java/Demo/iFL4Eclipse/org.eclipse.sed.ifl.root/bundles/org.eclipse.sed.ifl/src/org/eclipse/sed/ifl/model/monitor/resource/Part.java","L3608","1","0","0","2","12","17"
"L3614","Project.java","H:/project/clone class classification/SourceMeter-9.2.0-x64-Windows/Java/Demo/iFL4Eclipse/org.eclipse.sed.ifl.root/bundles/org.eclipse.sed.ifl/src/org/eclipse/sed/ifl/model/monitor/resource/Project.java","L3608","1","0","0","2","7","12"
"L3615","Resource.java","H:/project/clone class classification/SourceMeter-9.2.0-x64-Windows/Java/Demo/iFL4Eclipse/org.eclipse.sed.ifl.root/bundles/org.eclipse.sed.ifl/src/org/eclipse/sed/ifl/model/monitor/resource/Resource.java","L3608","3","0","0","4","53","73"
"L3616","User.java","H:/project/clone class classification/SourceMeter-9.2.0-x64-Windows/Java/Demo/iFL4Eclipse/org.eclipse.sed.ifl.root/bundles/org.eclipse.sed.ifl/src/org/eclipse/sed/ifl/model/monitor/resource/User.java","L3608","1","0","0","2","7","12"
"L3656","Monument.java","H:/project/clone class classification/SourceMeter-9.2.0-x64-Windows/Java/Demo/iFL4Eclipse/org.eclipse.sed.ifl.root/bundles/org.eclipse.sed.ifl/src/org/eclipse/sed/ifl/model/score/history/Monument.java","L3655","4","0","0","8","49","58"
"L3657","ScoreHistoryModel.java","H:/project/clone class classification/SourceMeter-9.2.0-x64-Windows/Java/Demo/iFL4Eclipse/org.eclipse.sed.ifl.root/bundles/org.eclipse.sed.ifl/src/org/eclipse/sed/ifl/model/score/history/ScoreHistoryModel.java","L3655","3","0","0","4","28","35"
"L3862","DefaultUser.java","H:/project/clone class classification/SourceMeter-9.2.0-x64-Windows/Java/Demo/iFL4Eclipse/org.eclipse.sed.ifl.root/bundles/org.eclipse.sed.ifl/src/org/eclipse/sed/ifl/model/user/identification/DefaultUser.java","L3861","1","0","0","3","11","16"
"L3863","IUser.java","H:/project/clone class classification/SourceMeter-9.2.0-x64-Windows/Java/Demo/iFL4Eclipse/org.eclipse.sed.ifl.root/bundles/org.eclipse.sed.ifl/src/org/eclipse/sed/ifl/model/user/identification/IUser.java","L3861","1","0","0","3","5","8"
"L3874","ContextBasedOption.java","H:/project/clone class classification/SourceMeter-9.2.0-x64-Windows/Java/Demo/iFL4Eclipse/org.eclipse.sed.ifl.root/bundles/org.eclipse.sed.ifl/src/org/eclipse/sed/ifl/model/user/interaction/ContextBasedOption.java","L3873","8","0","0","4","72","86"
"L3875","ContextBasedOptionCreatorModel.java","H:/project/clone class classification/SourceMeter-9.2.0-x64-Windows/Java/Demo/iFL4Eclipse/org.eclipse.sed.ifl.root/bundles/org.eclipse.sed.ifl/src/org/eclipse/sed/ifl/model/user/interaction/ContextBasedOptionCreatorModel.java","L3873","1","0","0","1","4","8"
"L3876","ContextBasedOptionLambdaSetter.java","H:/project/clone class classification/SourceMeter-9.2.0-x64-Windows/Java/Demo/iFL4Eclipse/org.eclipse.sed.ifl.root/bundles/org.eclipse.sed.ifl/src/org/eclipse/sed/ifl/model/user/interaction/ContextBasedOptionLambdaSetter.java","L3873","7","0","1","2","37","51"
"L3877","IUserFeedback.java","H:/project/clone class classification/SourceMeter-9.2.0-x64-Windows/Java/Demo/iFL4Eclipse/org.eclipse.sed.ifl.root/bundles/org.eclipse.sed.ifl/src/org/eclipse/sed/ifl/model/user/interaction/IUserFeedback.java","L3873","1","0","0","4","10","16"
"L3878","Option.java","H:/project/clone class classification/SourceMeter-9.2.0-x64-Windows/Java/Demo/iFL4Eclipse/org.eclipse.sed.ifl.root/bundles/org.eclipse.sed.ifl/src/org/eclipse/sed/ifl/model/user/interaction/Option.java","L3873","8","0","0","13","70","89"
"L3879","ScoreSetterModel.java","H:/project/clone class classification/SourceMeter-9.2.0-x64-Windows/Java/Demo/iFL4Eclipse/org.eclipse.sed.ifl.root/bundles/org.eclipse.sed.ifl/src/org/eclipse/sed/ifl/model/user/interaction/ScoreSetterModel.java","L3873","2","0","0","10","68","84"
"L3880","SideEffect.java","H:/project/clone class classification/SourceMeter-9.2.0-x64-Windows/Java/Demo/iFL4Eclipse/org.eclipse.sed.ifl.root/bundles/org.eclipse.sed.ifl/src/org/eclipse/sed/ifl/model/user/interaction/SideEffect.java","L3873","1","0","0","2","11","16"
"L3881","UserFeedback.java","H:/project/clone class classification/SourceMeter-9.2.0-x64-Windows/Java/Demo/iFL4Eclipse/org.eclipse.sed.ifl.root/bundles/org.eclipse.sed.ifl/src/org/eclipse/sed/ifl/model/user/interaction/UserFeedback.java","L3873","1","0","0","6","33","45"
"L4034","EmptyEvent.java","H:/project/clone class classification/SourceMeter-9.2.0-x64-Windows/Java/Demo/iFL4Eclipse/org.eclipse.sed.ifl.root/bundles/org.eclipse.sed.ifl/src/org/eclipse/sed/ifl/util/event/core/EmptyEvent.java","L4033","1","0","0","1","3","6"
"L4035","ListenerCollection.java","H:/project/clone class classification/SourceMeter-9.2.0-x64-Windows/Java/Demo/iFL4Eclipse/org.eclipse.sed.ifl.root/bundles/org.eclipse.sed.ifl/src/org/eclipse/sed/ifl/util/event/core/ListenerCollection.java","L4033","2","0","0","4","29","38"
"L4036","NonGenericListenerCollection.java","H:/project/clone class classification/SourceMeter-9.2.0-x64-Windows/Java/Demo/iFL4Eclipse/org.eclipse.sed.ifl.root/bundles/org.eclipse.sed.ifl/src/org/eclipse/sed/ifl/util/event/core/NonGenericListenerCollection.java","L4033","1","0","0","1","7","11"
